[{"id":1,"title":"Crystal Keeper","description":"Управляй боевым дроном, чтобы любой ценой защитить кристалл от враждебных космослизней.","image":"https://code.s3.yandex.net/teens/pindie-games/cristal-keeper/cover.png","link":"https://code.s3.yandex.net/teens/pindie-games/cristal-keeper/game/index.html"},{"id":2,"title":"The Game ","image":"https://html.ru","link":"https://html.ru","description":"Simple game"},{"id":3,"title":"The Game 2","image":"https://html.ru","link":"https://html.ru","description":"Game 12\n"}]